,precision,recall,f1-score,support
angry,0.23076923076923078,0.1875,0.20689655172413793,16.0
happy,0.3157894736842105,0.35294117647058826,0.3333333333333333,17.0
relax,0.35,0.4375,0.3888888888888889,16.0
sad,0.2857142857142857,0.23529411764705882,0.25806451612903225,17.0
accuracy,0.30303030303030304,0.30303030303030304,0.30303030303030304,0.30303030303030304
macro avg,0.29556824754193173,0.3033088235294118,0.2967958225188481,66.0
weighted avg,0.29572532730427464,0.30303030303030304,0.29676258319194915,66.0
