,precision,recall,f1-score,support
angry,0.5,0.0625,0.1111111111111111,16.0
happy,0.23529411764705882,0.47058823529411764,0.3137254901960784,17.0
relax,0.09090909090909091,0.0625,0.07407407407407407,16.0
sad,0.3157894736842105,0.35294117647058826,0.3333333333333333,17.0
accuracy,0.24242424242424243,0.24242424242424243,0.24242424242424243,0.24242424242424243
macro avg,0.2854981705600901,0.23713235294117646,0.20806100217864923,66.0
weighted avg,0.2851964622299551,0.24242424242424243,0.2115600448933782,66.0
