,precision,recall,f1-score,support
angry,0.09090909090909091,0.0625,0.07407407407407407,16.0
happy,0.1875,0.17647058823529413,0.18181818181818182,17.0
relax,0.42105263157894735,0.5,0.45714285714285713,16.0
sad,0.25,0.29411764705882354,0.2702702702702703,17.0
accuracy,0.25757575757575757,0.25757575757575757,0.25757575757575757,0.25757575757575757
macro avg,0.23736543062200957,0.25827205882352944,0.24582634582634583,66.0
weighted avg,0.23680132666376685,0.25757575757575757,0.24522688765113004,66.0
