,precision,recall,f1-score,support
angry,0.2222222222222222,0.125,0.16,16.0
happy,0.29411764705882354,0.29411764705882354,0.29411764705882354,17.0
relax,0.28,0.4375,0.34146341463414637,16.0
sad,0.4,0.35294117647058826,0.375,17.0
accuracy,0.30303030303030304,0.30303030303030304,0.30303030303030304,0.30303030303030304
macro avg,0.29908496732026146,0.302389705882353,0.2926452654232425,66.0
weighted avg,0.3005387205387206,0.30303030303030304,0.29391537324464156,66.0
