,precision,recall,f1-score,support
Class_0,0.42857142857142855,0.6,0.5,10.0
Class_1,0.5,0.4,0.4444444444444444,10.0
Class_2,0.5,0.6,0.5454545454545454,10.0
Class_3,0.3333333333333333,0.2,0.25,10.0
accuracy,0.45,0.45,0.45,0.45
macro avg,0.44047619047619047,0.45,0.43497474747474746,40.0
weighted avg,0.4404761904761904,0.45,0.4349747474747475,40.0
