,precision,recall,f1-score,support
angry,0.16666666666666666,0.125,0.14285714285714285,16.0
happy,0.15789473684210525,0.17647058823529413,0.16666666666666666,17.0
relax,0.2222222222222222,0.25,0.23529411764705882,16.0
sad,0.4117647058823529,0.4117647058823529,0.4117647058823529,17.0
accuracy,0.24242424242424243,0.24242424242424243,0.24242424242424243,0.24242424242424243
macro avg,0.23963708290333677,0.24080882352941177,0.23914565826330533,66.0
weighted avg,0.24100655679603047,0.24242424242424243,0.2406629318394024,66.0
