,precision,recall,f1-score,support
angry,0.0,0.0,0.0,16.0
happy,0.2702702702702703,0.5882352941176471,0.37037037037037035,17.0
relax,0.125,0.0625,0.08333333333333333,16.0
sad,0.3333333333333333,0.4117647058823529,0.3684210526315789,17.0
accuracy,0.2727272727272727,0.2727272727272727,0.2727272727272727,0.2727272727272727
macro avg,0.18215090090090091,0.265625,0.20553118908382065,66.0
weighted avg,0.18577668577668577,0.2727272727272727,0.21049678067221925,66.0
